Changes made at Thu Nov 20 10:23:05 UTC 2025
Changes made at Thu Nov 20 12:25:24 UTC 2025
Changes made at Thu Nov 20 14:20:54 UTC 2025
Changes made at Thu Nov 20 16:27:38 UTC 2025
Changes made at Fri Nov 21 08:29:18 UTC 2025
Changes made at Fri Nov 21 10:21:34 UTC 2025
Changes made at Fri Nov 21 14:20:07 UTC 2025
Changes made at Fri Nov 21 16:26:16 UTC 2025
Changes made at Sat Nov 22 08:25:25 UTC 2025
Changes made at Sat Nov 22 10:19:40 UTC 2025
Changes made at Sat Nov 22 14:17:21 UTC 2025
Changes made at Sat Nov 22 16:23:38 UTC 2025
Changes made at Sun Nov 23 08:25:31 UTC 2025
Changes made at Sun Nov 23 10:19:51 UTC 2025
Changes made at Sun Nov 23 14:17:15 UTC 2025
Changes made at Sun Nov 23 16:23:37 UTC 2025
Changes made at Mon Nov 24 08:30:21 UTC 2025
